user_id,name,email,department,location,vip
EMP-1001,Aarav Sharma,aarav.sharma@orbitcorp.example,Executive,Chennai,yes
EMP-1002,Priya Iyer,priya.iyer@orbitcorp.example,Operations,Bengaluru,no
EMP-1003,Rahul Reddy,rahul.reddy@orbitcorp.example,Finance,Frankfurt,no
EMP-1004,Sneha Nair,sneha.nair@orbitcorp.example,Finance,Dallas,no
EMP-1005,Vikram Menon,vikram.menon@orbitcorp.example,Operations,Chennai,no
EMP-1006,Ananya Gupta,ananya.gupta@orbitcorp.example,Sales,Bengaluru,no
EMP-1007,Karthik Rao,karthik.rao@orbitcorp.example,HR,Frankfurt,no
EMP-1008,Divya Pillai,divya.pillai@orbitcorp.example,HR,Dallas,no
EMP-1009,Arjun Kumar,arjun.kumar@orbitcorp.example,HR,Chennai,no
EMP-1010,Meera Das,meera.das@orbitcorp.example,Operations,Bengaluru,no
EMP-1011,Rohan Joshi,rohan.joshi@orbitcorp.example,Finance,Frankfurt,no
EMP-1012,Kavya Bose,kavya.bose@orbitcorp.example,Executive,Dallas,yes
EMP-1013,Suresh Verma,suresh.verma@orbitcorp.example,Operations,Chennai,no
EMP-1014,Lakshmi Krishnan,lakshmi.krishnan@orbitcorp.example,Operations,Bengaluru,no
EMP-1015,Nikhil Shah,nikhil.shah@orbitcorp.example,Marketing,Frankfurt,no
EMP-1016,Pooja Patel,pooja.patel@orbitcorp.example,Finance,Dallas,no
EMP-1017,Sanjay Singh,sanjay.singh@orbitcorp.example,Marketing,Chennai,no
EMP-1018,Deepa Mehta,deepa.mehta@orbitcorp.example,Engineering,Bengaluru,no
EMP-1019,Ravi Subramanian,ravi.subramanian@orbitcorp.example,Finance,Frankfurt,no
EMP-1020,Nisha Kapoor,nisha.kapoor@orbitcorp.example,Finance,Dallas,no
EMP-1021,James Miller,james.miller@orbitcorp.example,Finance,Chennai,no
EMP-1022,Emma Schmidt,emma.schmidt@orbitcorp.example,HR,Bengaluru,no
EMP-1023,Lukas Wagner,lukas.wagner@orbitcorp.example,Executive,Frankfurt,yes
EMP-1024,Sofia Rossi,sofia.rossi@orbitcorp.example,HR,Dallas,no
EMP-1025,Daniel Brown,daniel.brown@orbitcorp.example,Marketing,Chennai,no
EMP-1026,Olivia Wilson,olivia.wilson@orbitcorp.example,Marketing,Bengaluru,no
EMP-1027,Marco Bianchi,marco.bianchi@orbitcorp.example,Finance,Frankfurt,no
EMP-1028,Hannah Fischer,hannah.fischer@orbitcorp.example,Marketing,Dallas,no
EMP-1029,Omar Hassan,omar.hassan@orbitcorp.example,HR,Chennai,no
EMP-1030,Grace Taylor,grace.taylor@orbitcorp.example,Operations,Bengaluru,no
